<?xml version="1.0" encoding="UTF-8"?>
<project-private xmlns="http://www.netbeans.org/ns/project-private/1">
    <editor-bookmarks xmlns="http://www.netbeans.org/ns/editor-bookmarks/2" lastBookmarkId="0"/>
    <open-files xmlns="http://www.netbeans.org/ns/projectui-open-files/2">
        <group>
            <file>file:/C:/Users/gbuid/OneDrive/Desktop/Work/web-game/Webtaixiu/web/css/login.css</file>
            <file>file:/C:/Users/gbuid/OneDrive/Desktop/Work/web-game/Webtaixiu/web/PayGame.jsp</file>
            <file>file:/C:/Users/gbuid/OneDrive/Desktop/Work/web-game/Webtaixiu/web/homepage.jsp</file>
            <file>file:/C:/Users/gbuid/OneDrive/Desktop/Work/web-game/Webtaixiu/web/index.jsp</file>
            <file>file:/C:/Users/gbuid/OneDrive/Desktop/Work/web-game/Webtaixiu/web/register.jsp</file>
        </group>
    </open-files>
</project-private>
